Product_ID,Product type,Tax_DE,Product_name_DE,Code,Stock_DE,Product_description_DE,Showcase_Mixins,Grape_DE,Country_DE,Region_DE,Winery_DE,Vintage,Image_1,Image_2,Image_3,Image_4,Product_name_EN,Product_description_EN,Grape_EN,Country_EN,Region_EN,Winery_EN
https://github.com/neteleven/showcase-data-importer.git,BASIC,STANDARD_19,Chardonnay,8970-7820,18,"Der Chardonnay der Domaine Leflaive aus dem Jahr 2018 ist ein wahrer Genuss für Liebhaber von französischem Weißwein. Die Reben gedeihen auf den kalkhaltigen Böden der berühmten Weinregion Burgund und bringen einen Wein hervor, der durch seine Komplexität und Finesse beeindruckt. Die Aromen von reifen Äpfeln und Zitrusfrüchten harmonieren perfekt mit einer feinen Mineralität und einer subtilen Eichenholznote. Im Mund zeigt sich der Chardonnay vollmundig und rund, mit einer angenehmen Frische und einer langen, intensiven Nachgeschmack. Der Wein passt hervorragend zu Fisch, Meeresfrüchten und hellem Fleisch. Mit einem Preis von 50€ ist er ein wahrer Geheimtipp für anspruchsvolle Genießer.",https://res.cloudinary.com/saas-ag/raw/upload/schemata2/n11showcase/custom_product_attributes_n11_v3.json,Chardonnay,Frankreich,Burgund,Domaine Leflaive,2018,552a83c7-6a22-4ac3-9624-a3d213d6dc4c.png,00c6d4bd-e642-48e2-9296-c0b89cadbc18.png,bc3db5fe-1c5a-49e0-9a2d-5b7f829749fb.png,f32c15f7-de38-411a-9eba-d8e934177e4a.png,Chardonnay,"The 2018 Chardonnay from Domaine Leflaive is a real treat for lovers of French white wine. The vines thrive on the chalky soils of the famous Burgundy wine region and produce a wine that impresses with its complexity and finesse. The aromas of ripe apples and citrus fruits harmonise perfectly with a fine minerality and a subtle hint of oak. In the mouth, the Chardonnay is full-bodied and round, with a pleasant freshness and a long, intense aftertaste. The wine is an excellent accompaniment to fish, seafood and white meat. At a price of €50, it is a real insider tip for discerning connoisseurs.",Chardonnay,France,Burgundy,Domaine Leflaive
4c7323c7-42af-49e3-83d3-f6da,BASIC,STANDARD_19,Merlot,5144-9481,5,"Dieser Merlot aus der Toskana ist ein wahrer Genuss. Hergestellt von Antinori, einem der renommiertesten Weingüter Italiens, besticht er durch seine tiefrote Farbe und ein volles Aroma von dunklen Beeren und Gewürzen. Am Gaumen zeigt er eine sanfte Struktur und eine ausgewogene Balance zwischen Frucht und Tanninen. Der Jahrgang 2017 war ein hervorragendes Jahr für die Toskana und dieser Merlot ist ein perfektes Beispiel dafür. Ein idealer Begleiter zu gegrilltem Fleisch, reifem Käse oder dunkler Schokolade.",https://res.cloudinary.com/saas-ag/raw/upload/schemata2/n11showcase/custom_product_attributes_n11_v3.json,Merlot,Italien,Toskana,Antinori,2017,7ab68cf8-d047-43cd-a3fe-eb24cd95e74d.png,5cec65ea-440e-4577-815f-dedabf50fd7f.png,950aaf0b-4653-4844-89f3-2395e8f0c168.png,e5a86fc4-4330-4af0-99b4-b504882db727.png,Merlot,"This Merlot from Tuscany is a real treat. Produced by Antinori, one of Italy's most renowned wineries, it impresses with its deep red colour and a full aroma of dark berries and spices. On the palate, it has a gentle structure and a good balance between fruit and tannins. The 2017 vintage was an excellent year for Tuscany and this Merlot is a perfect example of this. An ideal accompaniment to grilled meat, mature cheese or dark chocolate.",Merlot,Italy,Tuscany,Antinori
36279c6e-31f1-4cb2-a11b-c1c0,BASIC,STANDARD_19,Riesling,3156-9630,14,"Dieser deutsche Riesling stammt von dem renommierten Weingut Dr. Loosen an der Mosel. Der Jahrgang 2019 besticht durch eine helle goldgelbe Farbe und Aromen von Aprikosen, Pfirsichen und Zitrusfrüchten. Am Gaumen ist er frisch und fruchtig mit einer angenehmen Säure und einer leichten Süße. Der Wein eignet sich besonders gut als Begleiter zu asiatischen Gerichten und scharfen Speisen.",https://res.cloudinary.com/saas-ag/raw/upload/schemata2/n11showcase/custom_product_attributes_n11_v3.json,Riesling,Deutschland,Mosel,Dr. Loosen,2019,509cb487-5410-4d20-96e7-fec0b46b7d86.png,62cefe0a-4fcc-4f61-9212-509f1b63911d.png,f86dfafb-b742-4502-b391-3ad1ab7abaf1.png,a94e3e61-9155-4d7a-a913-eb470439c44b.png,Riesling,"This German Riesling comes from the renowned Dr Loosen winery on the Moselle. The 2019 vintage impresses with a light golden yellow colour and aromas of apricots, peaches and citrus fruits. It is fresh and fruity on the palate with a pleasant acidity and a slight sweetness. The wine is particularly suitable as an accompaniment to Asian dishes and spicy food.",Riesling,Germany,Moselle,Dr. Loosen
5d4c5324-89a8-4db1-8ee8-0c69,BASIC,STANDARD_19,Cabernet Sauvignon,1819-9412,4,"Dieser Cabernet Sauvignon stammt aus dem renommierten Caymus Vineyards im Napa Valley, Kalifornien. Der Jahrgang 2016 präsentiert sich in einer tiefroten Farbe und verströmt Aromen von dunklen Früchten, Vanille und Gewürzen. Am Gaumen ist er vollmundig und kräftig mit einer ausgewogenen Säure und feinen Tanninen. Dieser Wein passt besonders gut zu gegrilltem Fleisch und kräftigen Saucen.",https://res.cloudinary.com/saas-ag/raw/upload/schemata2/n11showcase/custom_product_attributes_n11_v3.json,Cabernet Sauvignon,USA,Napa Valley,Caymus Weingärten,2016,c6e78a08-21f4-4483-a81b-a4967b01424f.png,9870f0c3-08c0-4c06-8488-09c8e19dc393.png,e8e3734e-5e8f-4cc9-98b1-98de274f13bf.png,4055fd9c-1020-4528-9341-3c0dae0f0243.png,Cabernet Sauvignon,"This Cabernet Sauvignon comes from the renowned Caymus Vineyards in Napa Valley, California. The 2016 vintage has a deep red colour and exudes aromas of dark fruits, vanilla and spices. On the palate, it is full-bodied and powerful with a balanced acidity and fine tannins. This wine goes particularly well with grilled meat and strong sauces.",Cabernet Sauvignon,USA,Napa Valley,Caymus Vineyards
d1271284-4ec4-4a4b-a0b8-3b33,BASIC,STANDARD_19,Spätburgunder,5011-7330,19,"Dieser neuseeländische Pinot Noir stammt von der renommierten Cloudy Bay Kellerei in der Region Marlborough. Der Jahrgang 2018 besticht durch eine helle kirschrote Farbe und Aromen von roten Früchten, Gewürzen und feiner Eiche. Am Gaumen ist er elegant und ausgewogen mit einer feinen Säure und samtigen Tanninen. Der Wein passt besonders gut zu Wildgerichten und Pilzgerichten.",https://res.cloudinary.com/saas-ag/raw/upload/schemata2/n11showcase/custom_product_attributes_n11_v3.json,Spätburgunder,Neuseeland,Marlborough,Bewölkte Bucht,2018,47e929e2-ec8c-4991-8d30-776e854b808a.png,661d1392-d9f1-4507-9882-22b74d746461.png,2169b252-b49d-4494-b6d2-cd665a0155b5.png,a1a270b2-f82d-4b3a-94d6-18c5bad47739.png,Pinot Noir,"This New Zealand Pinot Noir comes from the renowned Cloudy Bay winery in the Marlborough region. The 2018 vintage impresses with a bright cherry red colour and aromas of red fruits, spices and fine oak. It is elegant and balanced on the palate with a fine acidity and velvety tannins. The wine goes particularly well with game and mushroom dishes.",Pinot Noir,New Zealand,Marlborough,Cloudy Bay
6ca5b97a-3387-4d6c-bf2a-ffcc,BASIC,STANDARD_19,Sauvignon Weiß,3309-6945,3,"Dieser erfrischende Sauvignon Blanc stammt aus der renommierten Weinregion Marlborough in Neuseeland und wurde von dem angesehenen Weingut Villa Maria hergestellt. Der Jahrgang 2020 besticht durch seine fruchtige Aromatik mit Noten von grünem Apfel, Limette und Grapefruit, die von einer angenehmen Säure begleitet wird. Dieser Wein ist ein perfekter Begleiter zu leichten Gerichten wie Salaten, Fisch und Meeresfrüchten.",https://res.cloudinary.com/saas-ag/raw/upload/schemata2/n11showcase/custom_product_attributes_n11_v3.json,Sauvignon Weiß,Neuseeland,Marlborough,Villa Maria,2020,986021ca-2208-4761-a690-3f431b3446ea.png,9bf78fee-1a97-4a80-865f-189be217c935.png,f8a94591-ffb5-4b3d-ace1-ce53f26ab231.png,591c8472-949e-4526-bde3-74f9b1617917.png,Sauvignon White,"This refreshing Sauvignon Blanc comes from the renowned Marlborough wine region in New Zealand and was produced by the prestigious Villa Maria winery. The 2020 vintage is characterised by its fruity aroma with notes of green apple, lime and grapefruit, accompanied by a pleasant acidity. This wine is a perfect accompaniment to light dishes such as salads, fish and seafood.",Sauvignon White,New Zealand,Marlborough,Villa Maria
b7ca48b6-75a1-48d3-a077-1de8,BASIC,STANDARD_19,Tempranillo,8109-4574,8,"Dieser Tempranillo stammt aus der renommierten Weinregion Rioja in Spanien und wurde von dem renommierten Weingut Bodegas Muga produziert. Der Jahrgang 2016 besticht durch seine intensive Aromatik mit Noten von reifen dunklen Früchten, Gewürzen und Tabak. Am Gaumen ist er vollmundig mit weichen Tanninen und einem langen Abgang. Dieser Wein ist ein perfekter Begleiter zu gegrilltem Fleisch, Käse und Tapas.",https://res.cloudinary.com/saas-ag/raw/upload/schemata2/n11showcase/custom_product_attributes_n11_v3.json,Tempranillo,Spanien,Rioja,Bodegas Muga,2016,75abd0a6-9e4e-4fe9-a728-dcb896dbcbec.png,1385808a-7023-4980-b551-b1f09d9af727.png,8dd7d864-c502-44c9-9822-f41188a3ed74.png,20fad334-e5ee-4f16-a069-c9820a7e068d.png,Tempranillo,"This Tempranillo comes from the renowned Rioja wine region in Spain and was produced by the renowned Bodegas Muga winery. The 2016 vintage is characterised by its intense aroma with notes of ripe dark fruit, spices and tobacco. It is full-bodied on the palate with soft tannins and a long finish. This wine is a perfect accompaniment to grilled meat, cheese and tapas.",Tempranillo,Spain,Rioja,Bodegas Muga
419d7a8a-0b29-4d20-9812-1c00,BASIC,STANDARD_19,Syrah,6947-6999,15,"Dieser elegante Syrah stammt aus dem berühmten Barossa Valley in Australien und wurde von dem renommierten Weingut Penfolds produziert. Der Jahrgang 2017 besticht durch seine dunkle, tiefrote Farbe und seine komplexe Aromatik mit Noten von schwarzen Beeren, Schokolade und Gewürzen. Am Gaumen ist er vollmundig mit seidigen Tanninen und einem langen Abgang. Dieser Wein ist ein perfekter Begleiter zu rotem Fleisch, Wildgerichten und kräftigem Käse.",https://res.cloudinary.com/saas-ag/raw/upload/schemata2/n11showcase/custom_product_attributes_n11_v3.json,Syrah,Australien,Barossa Tal,Penfolds,2017,8b944727-f249-41af-8c13-c6d417810693.png,ac6a86f9-1627-4a5d-85bd-3bc848a2b431.png,3ecdf33b-9010-4c2a-8cc0-1702aa0c7bac.png,5f69c1ca-245c-4c8c-9677-761e93cb82f6.png,Syrah,"This elegant Syrah comes from the famous Barossa Valley in Australia and was produced by the renowned Penfolds winery. The 2017 vintage impresses with its dark, deep red colour and complex aroma with notes of black berries, chocolate and spices. It is full-bodied on the palate with silky tannins and a long finish. This wine is a perfect accompaniment to red meat, game dishes and strong cheeses.",Syrah,Australia,Barossa Valley,Penfolds
b9c66d9e-50b2-4442-9f43-925b,BASIC,STANDARD_19,Grüner Veltliner,6956-1405,1,"Dieser Grüne Veltliner stammt aus der renommierten Weinregion Wachau in Österreich und wurde von Franz Hirtzberger hergestellt. Der Jahrgang 2019 bietet ein komplexes Bouquet mit Noten von Zitrusfrüchten, grünem Apfel und einer subtilen Würze. Am Gaumen ist er saftig und frisch mit einer lebendigen Säure und einem mineralischen Abgang. Dieser Grüne Veltliner passt hervorragend zu leichten Gerichten wie Salaten, Fisch und Gemüse.",https://res.cloudinary.com/saas-ag/raw/upload/schemata2/n11showcase/custom_product_attributes_n11_v3.json,Grüner Veltliner,Österreich,Wachau,Franz Hirtzberger,2019,aaf33630-ecd9-4c0c-81c5-e6b9c777d719.png,75399b20-0f16-4e03-9c2a-35d476e119b2.png,04584f59-f957-4598-9b4c-ad2bc77ad5a9.png,e634ca31-1a65-409a-9d2a-3d966443f8cd.png,Green Veltliner,"This Green Veltliner comes from the renowned Wachau wine region in Austria and was produced by Franz Hirtzberger. The 2019 vintage offers a complex bouquet with notes of citrus fruit, green apple and a subtle spiciness. On the palate, it is juicy and fresh with a lively acidity and a mineral finish. This Grüner Veltliner is an excellent accompaniment to light dishes such as salads, fish and vegetables.",Green Veltliner,Austria,Wachau,Franz Hirtzberger
87f9d981-45a9-4638-a45d-75a7,BASIC,STANDARD_19,Malbec,3507-8669,12,"Dieser Malbec stammt aus der argentinischen Weinregion Mendoza und wurde von Catena Zapata produziert. Der Jahrgang 2018 präsentiert ein volles Bouquet von schwarzen Früchten wie Brombeeren, Cassis und Pflaumen, begleitet von würzigen Noten von Vanille und Tabak. Am Gaumen ist er saftig und intensiv mit seidigen Tanninen und einem langen Abgang. Dieser Malbec passt hervorragend zu gegrilltem Fleisch und kräftigen Gerichten.",https://res.cloudinary.com/saas-ag/raw/upload/schemata2/n11showcase/custom_product_attributes_n11_v3.json,Malbec,Argentinien,Mendoza,Catena Zapata,2018,4b781050-4f23-4998-af08-91a819f9aacc.png,1e73024a-36b0-478a-a49d-dfbfcb02c466.png,7d30af52-9db5-47b9-a7a0-0d374c4d80d6.png,6e32e1d2-3811-405a-a350-9e9ce6054516.png,Malbec,"This Malbec comes from the Argentinian wine region of Mendoza and was produced by Catena Zapata. The 2018 vintage presents a full bouquet of black fruits such as blackberries, cassis and plums, accompanied by spicy notes of vanilla and tobacco. On the palate, it is juicy and intense with silky tannins and a long finish. This Malbec is an excellent accompaniment to grilled meat and savoury dishes.",Malbec,Argentina,Mendoza,Catena Zapata
7c5da24d-cd43-4ca5-b5a5-5a7d,BASIC,STANDARD_19,Châteauneuf-du-Pape,5109-9170,17,"Châteauneuf-du-Pape Rotwein aus Frankreich,Rhône ist eine ausgezeichnete Wahl für Liebhaber von gehaltvollen Rotweinen. Dieser Wein wird aus den Trauben Grenache, Syrah und Mourvèdre hergestellt und stammt vom renommierten Weingut Domaine du Pegau. Der Jahrgang 2017 verspricht einen tiefen und komplexen Geschmack mit Noten von roten Früchten und Gewürzen. Ein perfekter Begleiter zu kräftigem Fleisch, Wild oder Käse. Der Preis von 50 Euro macht diesen Wein zu einer etwas teureren, aber dennoch lohnenswerten Investition in Qualität.",https://res.cloudinary.com/saas-ag/raw/upload/schemata2/n11showcase/custom_product_attributes_n11_v3.json,Granatapfel / Syrah / Monastrell,Frankreich,Rhone,Domaine du Pegau,2017,bd8563e0-b8e2-4d07-a9b9-bbf2a5aa43e2.png,d956a942-fe95-412a-92b3-ab650532e095.png,8935d20d-828f-46b8-b94e-2ad5fc69d0c9.png,ba797505-95a5-4055-9f96-d1ffde1a8243.png,Châteauneuf-du-Pape,"Châteauneuf-du-Pape red wine from France,Rhône is an excellent choice for lovers of full-bodied red wines. This wine is made from Grenache, Syrah and Mourvèdre grapes and comes from the renowned Domaine du Pegau winery. The 2017 vintage promises a deep and complex flavour with notes of red fruits and spices. A perfect accompaniment to strong meat, game or cheese. The price of 50 euros makes this wine a slightly more expensive but still worthwhile investment in quality.",Grenache / Syrah / Monastrell,France,Rhône,Domaine du Pegau
b46f9bb2-1d5a-4bfc-9684-4b4a,BASIC,STANDARD_19,Pinot Gris,5928-8593,7,"Elk Cove Vineyards in Oregon, USA, ist bekannt für seine hervorragenden Weißweine, darunter auch der Pinot Gris. Der Jahrgang 2019 hat ein delikates Bouquet von Birnen, Äpfeln und tropischen Früchten und ist damit eine ausgezeichnete Wahl für Weinliebhaber, die leichte und fruchtige Weine bevorzugen. Der Pinot Gris passt hervorragend zu leichten Gerichten wie Salaten, Fisch und Geflügel und ist mit einem Preis von 30 Euro eine erschwingliche Option für eine hohe Qualität.",https://res.cloudinary.com/saas-ag/raw/upload/schemata2/n11showcase/custom_product_attributes_n11_v3.json,Pinot Gris,USA,Oregon,Elk Cove Weingärten,2019,24613e58-1902-4f78-8847-156195d38fdc.png,f34be8f0-a818-4150-a047-090eb212e21f.png,a73257a3-d5ee-40a9-bcbe-c31b7e52e7b6.png,a387d17e-3505-4d23-b351-73f8912ee9d5.png,Pinot Gris,"Elk Cove Vineyards in Oregon, USA, is known for its excellent white wines, including Pinot Gris. The 2019 vintage has a delicate bouquet of pears, apples and tropical fruits, making it an excellent choice for wine lovers who prefer light and fruity wines. The Pinot Gris goes perfectly with light dishes such as salads, fish and poultry and, at a price of 30 euros, is an affordable option for high quality.",Pinot Gris,USA,Oregon,Elk Cove Vineyards
7cbdcda1-b07d-49cb-8b09-80c7,BASIC,STANDARD_19,Barolo,8256-6814,6,"Barolo, ein hochwertiger Rotwein aus Italien, ist ein Muss für jeden Weinliebhaber. Hergestellt aus der edlen Nebbiolo-Traube, die nur in der norditalienischen Region Piemont wächst, wird dieser Wein von Vietti produziert und im Jahr 2016 hergestellt. Der Barolo von Vietti ist ein tiefroter Wein mit intensiven Aromen von roten Früchten und Gewürzen, begleitet von einem vollen Körper und einem langen Abgang. Perfekt zu gegrilltem Fleisch oder einem kräftigen Käse. Ein echter Genuss für Kenner!",https://res.cloudinary.com/saas-ag/raw/upload/schemata2/n11showcase/custom_product_attributes_n11_v3.json,Nebbiolo,Italien,Piemont,Vietti,2016,db6b6fd5-6b9c-46df-bf23-caf8ba4ecec8.png,ba57ab51-ce20-40de-b2c7-471c854e3f44.png,b538d4ec-5026-45c7-a4d6-5d512c402099.png,28e14538-33d7-4183-870c-1c828122783e.png,Barolo,"Barolo, a high-quality red wine from Italy, is a must for every wine lover. Made from the noble Nebbiolo grape, which only grows in the northern Italian region of Piedmont, this wine is produced by Vietti and was made in 2016. Vietti's Barolo is a deep red wine with intense flavours of red fruits and spices, accompanied by a full body and a long finish. Perfect with grilled meat or a strong cheese. A real treat for connoisseurs!",Nebbiolo,Italy,Piedmont,Vietti
138b30a1-bcb1-43aa-858e-7f58,BASIC,STANDARD_19,Chenin Weiß,1248-3464,18,"Der Chenin Blanc von Ken Forrester ist ein eleganter und erfrischender Weißwein aus Südafrika. Hergestellt aus der Chenin Blanc Traube, die in der Region Stellenbosch angebaut wird, ist dieser Wein bekannt für seine ausgeprägten Aromen von Zitrusfrüchten und Honig. Der Jahrgang 2019 bietet einen ausgewogenen Geschmack, der durch eine angenehme Säure ausgeglichen wird. Dieser Wein ist eine perfekte Ergänzung zu Fischgerichten und Salaten oder einfach nur als Aperitif zu genießen. Mit einem Preis von 22 Euro bietet der Chenin Blanc von Ken Forrester ein hervorragendes Preis-Leistungs-Verhältnis.",https://res.cloudinary.com/saas-ag/raw/upload/schemata2/n11showcase/custom_product_attributes_n11_v3.json,Chenin Weiß,Südafrika,Stellenbosch,Ken Forrester,2019,c5954c40-ca01-4022-a8e9-65771e446d78.png,2e87745f-da09-4ffd-a7e8-ddc25b460def.png,043c8e5a-f9c5-4508-afb2-c83bb1428c5e.png,9d1f2c56-d760-43fa-a8b3-1f1664fe9442.png,Chenin Blanc,"The Chenin Blanc from Ken Forrester is an elegant and refreshing white wine from South Africa. Made from the Chenin Blanc grape, which is grown in the Stellenbosch region, this wine is known for its distinctive flavours of citrus fruit and honey. The 2019 vintage offers a balanced flavour that is balanced by a pleasant acidity. This wine is a perfect accompaniment to fish dishes and salads or simply to be enjoyed as an aperitif. At a price of 22 euros, Ken Forrester's Chenin Blanc offers excellent value for money.",Chenin Blanc,South Africa,Stellenbosch,Ken Forrester
e1c9e2d2-6eab-4b8a-a127-d2ae,BASIC,STANDARD_19,Malvasier,1789-5950,2,"Malvasia Weißwein von Barbeito: Dieser Malvasia Weißwein aus Portugal,Madeira von Barbeito hat eine wunderschöne goldene Farbe und eine komplexe Nase mit Aromen von getrockneten Früchten, Honig, Zitrusfrüchten und Gewürzen. Am Gaumen ist er vollmundig und reichhaltig mit einer ausgewogenen Säure und einem langen, angenehmen Abgang. Dieser Jahrgang aus dem Jahr 2013 ist jetzt perfekt trinkreif und passt hervorragend zu würzigen Speisen oder Desserts.",https://res.cloudinary.com/saas-ag/raw/upload/schemata2/n11showcase/custom_product_attributes_n11_v3.json,Malvasia,Portugal,Madeira,Barbeito,2013,32249125-4de9-4853-a8b1-8805f19bd22f.png,ba3907a3-c326-4894-83bc-1811dafaa0b0.png,d151f1fa-f23b-45bf-b75a-ca1bad5bdefe.png,e40f81fb-8168-4808-8294-3633bb173a8d.png,Malmsey,"Malvasia white wine from Barbeito: This Malvasia white wine from Portugal,Madeira from Barbeito has a beautiful golden colour and a complex nose with aromas of dried fruit, honey, citrus and spices. On the palate, it is full-bodied and rich with a balanced acidity and a long, pleasant finish. This 2013 vintage is now perfectly ripe for drinking and is an excellent accompaniment to savoury dishes or desserts.",Malvasia,Portugal,Madeira,Barbeito
7b665fb9-9c5d-4265-b5a5-6576,BASIC,STANDARD_19,Zinfandel,6434-7181,15,"Zinfandel Rotwein von Ravenswood: Dieser Zinfandel Rotwein aus Kalifornien von Ravenswood hat eine tiefrote Farbe und eine komplexe Nase mit Aromen von schwarzen Kirschen, Gewürzen, Tabak und Schokolade. Am Gaumen ist er vollmundig und kräftig mit einer ausgewogenen Säure und weichen Tanninen. Der Jahrgang aus dem Jahr 2018 ist jetzt trinkreif und passt hervorragend zu gegrilltem Fleisch, reifen Käsesorten oder dunkler Schokolade.",https://res.cloudinary.com/saas-ag/raw/upload/schemata2/n11showcase/custom_product_attributes_n11_v3.json,Zinfandel,USA,Kalifornien,Ravenswald,2018,f2663732-122b-4255-91de-e906ece8a610.png,f5656c7a-bd79-460c-9e29-28ec628c48be.png,5c34b34a-23a6-4169-9ca5-3682b175acfd.png,3f0a3eb9-5bf9-41a8-8d21-cfca49d07b3f.png,Zinfandel,"Zinfandel red wine from Ravenswood: This Zinfandel red wine from California by Ravenswood has a deep red colour and a complex nose with aromas of black cherries, spices, tobacco and chocolate. On the palate, it is full-bodied and powerful with balanced acidity and soft tannins. The 2018 vintage is now ready to drink and goes perfectly with grilled meat, mature cheeses or dark chocolate.",Zinfandel,USA,California,Ravenswood
3d8cf5fb-9c7b-4a7f-a835-f6b0,BASIC,STANDARD_19,Shiraz,3361-8116,12,"Dieser australische Shiraz von Wynns aus Coonawarra ist ein kräftiger Rotwein mit einer tiefen, dunklen Farbe. Der Wein zeigt Noten von dunklen Beeren und Gewürzen, begleitet von einer leichten Rauchigkeit. Im Mund ist er vollmundig mit kräftigen Tanninen und einer ausgewogenen Säure, die ihn zu einem idealen Begleiter für kräftige Fleischgerichte wie Rind- oder Lammgerichte macht.",https://res.cloudinary.com/saas-ag/raw/upload/schemata2/n11showcase/custom_product_attributes_n11_v3.json,Shiraz,Australien,Coonawarra,Wynns,2018,6500ed4f-1eb4-4bf6-9d88-4e6db8a891b0.png,10b9acb4-4456-4640-9e12-d7bc6f70dd4a.png,f0549288-8840-4d1b-9fc7-50326c291a9b.png,1b072205-8705-425d-8bb6-f780b290a3ca.png,Shiraz,"This Australian Shiraz from Wynns in Coonawarra is a powerful red wine with a deep, dark colour. The wine shows notes of dark berries and spices, accompanied by a slight smokiness. In the mouth, it is full-bodied with strong tannins and a balanced acidity, which makes it an ideal accompaniment to strong meat dishes such as beef or lamb.",Shiraz,Australia,Coonawarra,Wynns
6b0fa0f8-7db9-49b4-80b4-6eeb,BASIC,STANDARD_19,Viognier,2090-1177,5,"Dieser Viognier aus der Rhône-Region Frankreichs wird von E. Guigal produziert und hat eine helle, goldene Farbe. Der Wein hat ein aromatisches Bouquet von Pfirsichen, Aprikosen und tropischen Früchten. Im Mund ist er vollmundig mit einer leichten Süße und einer angenehmen Säure, die dem Wein eine schöne Frische verleiht. Dieser Viognier passt gut zu Gerichten mit Meeresfrüchten oder Hühnchen, aber auch als Aperitif ist er eine gute Wahl.",https://res.cloudinary.com/saas-ag/raw/upload/schemata2/n11showcase/custom_product_attributes_n11_v3.json,Viognier,Frankreich,Rhone,E. Guigal,2019,9b680f99-f911-4ce4-bf54-d3da19759966.png,3320f83f-9bcd-470c-b01b-5560932cecba.png,d19a7457-3cec-49aa-92c2-1cb522c94d0e.png,5c59d409-dba7-4d2a-804f-56489eb0f92d.png,Viognier,"This Viognier from the Rhône region of France is produced by E. Guigal and has a light, golden colour. The wine has an aromatic bouquet of peaches, apricots and tropical fruits. In the mouth, it is full-bodied with a slight sweetness and a pleasant acidity that gives the wine a lovely freshness. This Viognier goes well with seafood or chicken dishes, but is also a good choice as an aperitif.",Viognier,France,Rhône,E. Guigal
c7d4e6b8-7b9d-4d2e-9298-8b46,BASIC,STANDARD_19,Sangiovese,9053-3710,16,"Dieser Sangiovese stammt aus der Toskana in Italien und wird vom renommierten Weingut Antinori produziert. Der Wein hat eine leuchtende, granatrote Farbe und ein komplexes Bouquet von Kirschen, Pflaumen und Gewürzen. Im Mund ist er vollmundig und strukturiert mit kräftigen Tanninen und einer ausgewogenen Säure. Der Wein hat ein langes Finish mit fruchtigen und würzigen Noten. Dieser Sangiovese passt gut zu Pasta-Gerichten mit reichhaltigen Saucen oder zu gegrilltem Fleisch.",https://res.cloudinary.com/saas-ag/raw/upload/schemata2/n11showcase/custom_product_attributes_n11_v3.json,Sangiovese,Italien,Toskana,Antinori,2016,3f7dd9d9-3400-4768-af39-b1dcd9d52a17.png,eef914cf-c492-4c4d-8c8e-9ed74b44d712.png,ab34280b-3e72-4bb0-befe-25c37e99fcba.png,47817675-a14f-47fa-9997-bb08a7aed2f4.png,Sangiovese,"This Sangiovese comes from Tuscany in Italy and is produced by the renowned Antinori winery. The wine has a bright garnet red colour and a complex bouquet of cherries, plums and spices. In the mouth, it is full-bodied and structured with strong tannins and balanced acidity. The wine has a long finish with fruity and spicy notes. This Sangiovese goes well with pasta dishes with rich sauces or grilled meat.",Sangiovese,Italy,Tuscany,Antinori
b6940449-13c1-4715-aa90-7f0f,BASIC,STANDARD_19,Sancerre,6567-5823,5,"Dieser elegante Sancerre Weißwein stammt von der renommierten Domaine Vacheron in der Loire-Region Frankreichs. Hergestellt aus der berühmten Sauvignon Blanc Traube, zeigt er eine leuchtende, strohgelbe Farbe und ein intensives Aroma von Zitrusfrüchten und mineralischen Noten. Am Gaumen präsentiert er sich frisch und lebendig mit einer ausgezeichneten Balance zwischen Frucht und Säure. Ein perfekter Begleiter zu Meeresfrüchten oder frischen Salaten.",https://res.cloudinary.com/saas-ag/raw/upload/schemata2/n11showcase/custom_product_attributes_n11_v3.json,Sauvignon Weiß,Frankreich,Loire,Domaine Vacheron,2020,ec613c7a-5892-4478-af84-ffaa7e2ea042.png,bd670e1c-7a1b-4da3-b47c-3ed57c95db9d.png,c4eac221-e81d-4c67-98a2-cd1c1d445878.png,09e6869d-3ab7-45c9-9718-6d44a525bf7a.png,Sancerre,"This elegant Sancerre white wine comes from the renowned Domaine Vacheron in the Loire region of France. Made from the famous Sauvignon Blanc grape, it has a bright, straw-yellow colour and an intense aroma of citrus fruits and mineral notes. On the palate, it is fresh and lively with an excellent balance between fruit and acidity. A perfect accompaniment to seafood or fresh salads.",Sauvignon Blanc,France,Loire,Domaine Vacheron
5b73181a-49d1-4e2c-b90f-bd7e,BASIC,STANDARD_19,Amarone aus dem Valpolicella,2069-3871,4,"Dieser exzellente Amarone della Valpolicella Rotwein stammt aus der Region Veneto in Italien und wird von dem renommierten Weingut Tommasi hergestellt. Hergestellt aus den Rebsorten Corvina, Rondinella und Molinara, zeigt er eine tiefrote Farbe und ein komplexes Aroma von reifen Früchten, Gewürzen und Tabak. Am Gaumen ist er vollmundig und ausdrucksstark mit seidigen Tanninen und einem langen, intensiven Abgang. Ein perfekter Begleiter zu reichhaltigen Fleischgerichten oder Käseplatten.",https://res.cloudinary.com/saas-ag/raw/upload/schemata2/n11showcase/custom_product_attributes_n11_v3.json,Corvina/ Rondinelle / Molinara,Italien,Venetien,Tommasi,2016,f792a943-8cb1-46a6-ac7a-404070b9c162.png,01765d7d-91e7-434f-a8c8-9569b109df50.png,a732f289-24e1-41fc-99fb-b5e872ed85ea.png,4faaee2a-aedb-40e8-9ffc-f07c1365385b.png,Amarone of Valpolicella,"This excellent Amarone della Valpolicella red wine comes from the Veneto region in Italy and is produced by the renowned Tommasi winery. Made from the Corvina, Rondinella and Molinara grape varieties, it has a deep red colour and a complex aroma of ripe fruit, spices and tobacco. It is full-bodied and expressive on the palate with silky tannins and a long, intense finish. A perfect accompaniment to rich meat dishes or cheese platters.",Corvina/ Rondinella / Molinara,Italy,Veneto,Tommasi
059f13a7-29a1-47c2-b901-1d3a,BASIC,STANDARD_19,Grüner Silvaner,5223-7394,20,"Dieser erfrischende Grüne Silvaner stammt aus der fränkischen Region Deutschlands und wird von dem renommierten Weingut Fürst hergestellt. Mit einer hellen, strohgelben Farbe und einem zarten Aroma von Zitrusfrüchten und grünen Äpfeln, ist er ein idealer Wein für den Sommer. Am Gaumen ist er lebendig und frisch mit einer ausgewogenen Säure und einem angenehm langen Abgang. Ein perfekter Begleiter zu leichten Gerichten wie Salaten oder Fisch.",https://res.cloudinary.com/saas-ag/raw/upload/schemata2/n11showcase/custom_product_attributes_n11_v3.json,Grüner Silvaner,Deutschland,Franken,Fürst,2019,1e016736-996e-42ba-b23a-1152c908d8e6.png,7a6f26d0-613e-4f88-bbff-602fed13658f.png,4dd0989c-10da-437e-9108-717a579e4cf1.png,dcab19ed-edd0-4d5f-8cc2-0956ee2df305.png,Green Silvaner,"This refreshing Grüner Silvaner comes from the Franconian region of Germany and is produced by the renowned Fürst winery. With a light, straw-yellow colour and a delicate aroma of citrus fruits and green apples, it is an ideal wine for the summer. It is lively and fresh on the palate with a balanced acidity and a pleasantly long finish. A perfect accompaniment to light dishes such as salads or fish.",Green Silvaner,Germany,Franconia,Fürst
e719e0d3-cd63-4f01-b8a1-0710,BASIC,STANDARD_19,Montepulciano d'Abruzzo,3256-6078,7,"Montepulciano d'Abruzzo ist ein Rotwein aus Italien, genauer gesagt aus der Region Abruzzen. Der Montepulciano d'Abruzzo von Masciarelli aus dem Jahrgang 2018 präsentiert sich mit einer tiefdunklen Farbe und Aromen von reifen Früchten, wie Kirschen und Brombeeren, sowie Gewürzen und Lakritz. Am Gaumen ist er fruchtig und saftig, mit weichen Tanninen und einem langen, angenehmen Abgang. Dieser Wein passt hervorragend zu herzhaften Fleischgerichten und kräftigen Käsesorten.",https://res.cloudinary.com/saas-ag/raw/upload/schemata2/n11showcase/custom_product_attributes_n11_v3.json,Montepulciano,Italien,Abruzzen,Masciarelli,2018,e75262e7-ecb8-4b9e-92ea-1f581bf7d7b5.png,28aff530-0ec9-4a42-9fd7-28e0dfd53486.png,383a68ad-c6af-42c5-95dc-556630c5fe8a.png,f99d6eb1-fbc2-4f0f-badc-343bac6c99b1.png,Abruzzo Montepulciano,"Montepulciano d'Abruzzo is a red wine from Italy, more precisely from the Abruzzo region. Masciarelli's Montepulciano d'Abruzzo from the 2018 vintage has a deep, dark colour and aromas of ripe fruit, such as cherries and blackberries, as well as spices and liquorice. It is fruity and juicy on the palate, with soft tannins and a long, pleasant finish. This wine is an excellent accompaniment to savoury meat dishes and strong cheeses.",Montepulciano,Italy,Abruzzo,Masciarelli
6c1da68a-3c2f-4e85-8a14-fb6b,BASIC,STANDARD_19,Chablis,5966-6652,11,"Chablis ist ein Weißwein aus Frankreich, genauer gesagt aus der Region Burgund. Der Chablis von Domaine William Fèvre aus dem Jahrgang 2019 präsentiert sich mit einer hellen, blassgelben Farbe und einem frischen, fruchtigen Aroma von Zitrusfrüchten, grünen Äpfeln und mineralischen Noten. Am Gaumen ist er trocken, mit einer angenehmen Säure und einem langen, mineralischen Abgang. Dieser Wein passt hervorragend zu Meeresfrüchten, Fischgerichten und Salaten.",https://res.cloudinary.com/saas-ag/raw/upload/schemata2/n11showcase/custom_product_attributes_n11_v3.json,Chardonnay,Frankreich,Burgund,Domaine William Fèvre,2019,40532def-4e3b-4eb1-8922-ef8064d1b78c.png,9fd6f7dd-bd5c-459c-8e12-71385885aa33.png,6981dc4f-99c0-4f59-a9b5-c6052e536994.png,364ebe5a-0c12-4000-81ca-1e43a7b5769e.png,Chablis,"Chablis is a white wine from France, more precisely from the Burgundy region. The Chablis from Domaine William Fèvre from the 2019 vintage has a light, pale yellow colour and a fresh, fruity aroma of citrus fruits, green apples and mineral notes. It is dry on the palate, with a pleasant acidity and a long, mineral finish. This wine is an excellent accompaniment to seafood, fish dishes and salads.",Chardonnay,France,Burgundy,Domaine William Fèvre
1856c2b6-6175-435a-9faa-7ec9,BASIC,STANDARD_19,Rioja Reserva,4974-8189,8,"Rioja Reserva ist ein Rotwein aus Spanien, genauer gesagt aus der Region Rioja. Der Rioja Reserva von Marqués de Murrieta aus dem Jahrgang 2015 präsentiert sich mit einer tiefroten Farbe und einem komplexen Aroma von reifen Früchten, Gewürzen, Vanille und Toast. Am Gaumen ist er vollmundig und kraftvoll, mit gut integrierten Tanninen und einem langen, eleganten Abgang. Dieser Wein passt hervorragend zu kräftigen Fleischgerichten und gereiften Käsesorten.",https://res.cloudinary.com/saas-ag/raw/upload/schemata2/n11showcase/custom_product_attributes_n11_v3.json,Tempranillo,Spanien,Rioja,Marqués de Murrieta,2015,ad21d7e9-b6c8-4478-893b-b0da2315bb9f.png,b989ba9c-b6cc-44cd-9a17-59e1e5342f86.png,d4383197-d949-4ffe-bd8c-b3782883fd80.png,1f4d30c5-35a3-49aa-a82d-da71fbae6624.png,Rioja Reserva,"Rioja Reserva is a red wine from Spain, more precisely from the Rioja region. The Rioja Reserva from Marqués de Murrieta from the 2015 vintage has a deep red colour and a complex aroma of ripe fruit, spices, vanilla and toast. It is full-bodied and powerful on the palate, with well-integrated tannins and a long, elegant finish. This wine is an excellent accompaniment to strong meat dishes and mature cheeses.",Tempranillo,Spain,Rioja,Marqués de Murrieta
35f35690-aae5-45f1-9aa1-0f36,BASIC,STANDARD_19,Château Margaux,6017-7740,4,"Der Château Margaux 2015 ist ein erstklassiger Rotwein aus Frankreichs berühmter Bordeaux-Region. Dieser Wein ist eine ausgezeichnete Mischung aus Cabernet Sauvignon und Merlot und hat eine tiefe rubinrote Farbe. Der Geschmack ist unglaublich komplex mit Aromen von reifen Früchten und Gewürzen, begleitet von einem Hauch von Eiche. Im Abgang zeigt er eine perfekte Balance zwischen Säure, Tanninen und Frucht. Ein Wein, der sicherlich das Potential hat, zu reifen und sich weiterzuentwickeln.",https://res.cloudinary.com/saas-ag/raw/upload/schemata2/n11showcase/custom_product_attributes_n11_v3.json,Cabernet Sauvignon / Merlot,Frankreich,Bordeaux,Château Margaux,2015,ac194351-b158-43f6-b5dc-cbff411f4720.png,249c1ce9-63cb-4b00-86ba-938367416504.png,58e8892d-c081-4b37-a5bf-e49fe034cef7.png,d7618a12-edf7-4f5a-945b-e1e71cd91449.png,Château Margaux,"Château Margaux 2015 is a first-class red wine from France's famous Bordeaux region. This wine is an excellent blend of Cabernet Sauvignon and Merlot and has a deep ruby red color. The taste is incredibly complex with aromas of ripe fruit and spices, accompanied by a hint of oak. The finish shows a perfect balance between acidity, tannins and fruit. A wine that certainly has the potential to mature and develop further.",Cabernet Sauvignon / Merlot,France,Bordeaux,Château Margaux
67b8af42-6f2f-4d16-96a8-1555,BASIC,STANDARD_19,Grüner Veltliner Smaragd,8427-6245,16,"Der Grüner Veltliner Smaragd von Emmerich Knoll ist ein hervorragender Weißwein aus der Wachau-Region in Österreich. Die Trauben werden sorgfältig von Hand gelesen und dann schonend gepresst. Der Wein hat eine leuchtende goldene Farbe und ein intensives Aroma von reifen Früchten wie Pfirsich, Ananas und Zitrusfrüchten. Am Gaumen zeigt er eine erfrischende Säure und einen Hauch von Mineralien. Der Abgang ist langanhaltend und angenehm.",https://res.cloudinary.com/saas-ag/raw/upload/schemata2/n11showcase/custom_product_attributes_n11_v3.json,Grüner Veltliner,Österreich,Wachau,Emmerich Knoll,2020,314a0135-ce4c-49d9-ba4b-94cc02b2bda4.png,236d2349-cf18-4900-9ded-633c53ec235c.png,8b247077-9d3f-4a68-865b-7457455be16b.png,98773ad8-0088-4123-9a43-34e794b8bb9c.png,Green Veltliner Smaragd,"The Green Veltliner Smaragd from Emmerich Knoll is an outstanding white wine from the Wachau region in Austria. The grapes are carefully harvested by hand and then gently pressed. The wine has a bright golden color and an intense aroma of ripe fruit such as peach, pineapple and citrus. On the palate, it has a refreshing acidity and a hint of minerals. The finish is long-lasting and pleasant.",Green Veltliner,Austria,Wachau,Emmerich Knoll
8191a438-4c4f-4d61-95e2-8ab0,BASIC,STANDARD_19,Brunello di Montalcino,5881-5796,19,"Der Brunello di Montalcino von Poggio di Sotto ist ein exzellenter Rotwein aus der Toskana in Italien. Dieser Wein besteht aus 100% Sangiovese-Trauben und hat eine tiefe rubinrote Farbe. Das Aroma ist komplex mit Noten von Kirschen, Beeren, Gewürzen und einem Hauch von Tabak und Leder. Am Gaumen ist der Wein vollmundig und strukturiert mit reifen Tanninen und einer perfekten Balance zwischen Säure und Frucht. Der Abgang ist langanhaltend und elegant. Ein Wein, der das Potenzial hat, sich im Laufe der Zeit zu entwickeln.",https://res.cloudinary.com/saas-ag/raw/upload/schemata2/n11showcase/custom_product_attributes_n11_v3.json,Sangiovese,Italien,Toskana,Poggio di Sotto,2016,4ad22850-91db-4180-9f49-1b9e0fe75249.png,4301cd40-eb0b-4386-8487-e3f81819490e.png,ff3e3f84-4dca-417c-b6f8-98ce62aa0f15.png,cebd975d-9991-48b4-ad64-cb126cca57cf.png,Brunello of Montalcino,"The Brunello di Montalcino from Poggio di Sotto is an excellent red wine from Tuscany in Italy. This wine is made from 100% Sangiovese grapes and has a deep ruby red color. The aroma is complex with notes of cherries, berries, spices and a hint of tobacco and leather. On the palate, the wine is full-bodied and structured with ripe tannins and a perfect balance between acidity and fruit. The finish is long-lasting and elegant. A wine that has the potential to develop over time.",Sangiovese,Italy,Tuscany,Poggio di Sotto
7e2cdd11-c3aa-4b0c-a1ee-72b8,BASIC,STANDARD_19,Château d'Yquem,5341-3815,3,"Der Château d'Yquem Weißwein ist ein edler Tropfen aus dem Bordeaux, Frankreich. Der Wein wird aus einer Kombination der Rebsorten Sémillon und Sauvignon Blanc hergestellt und zeichnet sich durch seine feine Aromenvielfalt aus. Der Jahrgang 2017 besticht durch seine frische Säure und eine ausgewogene Süße. Der Wein wird von Château d'Yquem produziert, einem der bekanntesten Weingüter weltweit. Der Preis für eine Flasche beträgt 250 Euro.",https://res.cloudinary.com/saas-ag/raw/upload/schemata2/n11showcase/custom_product_attributes_n11_v3.json,Sémillon / Sauvignon Weiß,Frankreich,Bordeaux,Château d'Yquem,2017,b23120f2-9ee9-43d4-93a3-d2b9367763d1.png,a8e52eee-60f6-408d-8631-6d6c439c648b.png,068937e6-1541-458c-a8c3-c3f8cee762b3.png,05c43ca1-8c7d-4a75-86de-b2d86da4619c.png,Château d'Yquem,"The Château d'Yquem white wine is a fine wine from Bordeaux, France. The wine is made from a combination of the Sémillon and Sauvignon Blanc grape varieties and is characterized by its fine variety of aromas. The 2017 vintage impresses with its fresh acidity and balanced sweetness. The wine is produced by Château d'Yquem, one of the world's best-known wine estates. The price for a bottle is 250 euros.",Sémillon / Sauvignon Blanc,France,Bordeaux,Château d'Yquem
8cbb7280-fb5d-47e1-99cc-08d5,BASIC,STANDARD_19,Beaujolais Villages,9458-9185,15,"Der Beaujolais Villages Rotwein stammt aus dem Beaujolais in Frankreich und wird aus der Gamay-Traube gewonnen. Der Jahrgang 2020 bietet einen fruchtigen und unkomplizierten Wein, der durch seine leichte Trinkbarkeit besticht. Der Wein wird von Domaine Chignard produziert, einem renommierten Weingut im Beaujolais. Der Preis für eine Flasche beträgt 20 Euro.",https://res.cloudinary.com/saas-ag/raw/upload/schemata2/n11showcase/custom_product_attributes_n11_v3.json,Gamay,Frankreich,Beaujolais,Domaine Chignard,2020,f4981dc9-4633-4073-8642-2bd4aff85b51.png,d85da283-7ba0-4fd5-995d-d22db85fb495.png,08566e8d-fd9d-4359-b29a-ca449d7f9004.png,a20004bc-2e59-4ba1-bbbf-234b27b5d982.png,Beaujolais Villages,"The Beaujolais Villages red wine comes from the Beaujolais region in France and is made from the Gamay grape. The 2020 vintage offers a fruity and uncomplicated wine that impresses with its easy drinkability. The wine is produced by Domaine Chignard, a renowned winery in Beaujolais. The price for a bottle is 20 euros.",Gamay,France,Beaujolais,Domaine Chignard
f2b2c5e5-7555-4aa5-9db5-5e5d,BASIC,STANDARD_19,Weißer Burgunder,7888-6633,11,Der Pinot Bianco Weißwein stammt aus der italienischen Region Alto Adige und wird vom Weingut Tramin produziert. Der Wein wird aus der Pinot Blanc Traube gewonnen und besticht durch seine frische Säure und sein ausgewogenes Aroma von Zitrusfrüchten und Äpfeln. Der Jahrgang 2020 bietet einen frischen und leicht trinkbaren Wein. Der Preis für eine Flasche beträgt 18 Euro.,https://res.cloudinary.com/saas-ag/raw/upload/schemata2/n11showcase/custom_product_attributes_n11_v3.json,Pinot Weiß,Italien,Alto Adige,Tramin,2020,8faa3966-601d-4cc6-9196-a4728ce2233a.png,abd39abc-c3b4-4f1f-b0c1-a019876a16df.png,f971279f-92dd-4412-9c16-fb4819f6967c.png,c4181e19-0cd1-4777-930b-1353b6721779.png,White Pinot,The Pinot Bianco white wine comes from the Italian region of Alto Adige and is produced by the Tramin winery. The wine is made from the Pinot Blanc grape and impresses with its fresh acidity and balanced aroma of citrus fruits and apples. The 2020 vintage offers a fresh and easy-to-drink wine. The price for a bottle is 18 euros.,Pinot Blanc,Italy,Alto Adige,Tramin
1d5540c5-2e35-46c3-af97-227a,BASIC,STANDARD_19,Amarone della Valpolicella Riserva,2157-7399,2,"Amarone della Valpolicella Riserva ist ein italienischer Rotwein aus dem Veneto-Gebiet, der aus den Rebsorten Corvina, Rondinella und Molinara hergestellt wird. Dieser hochwertige Wein stammt vom renommierten Weingut Bertani und wurde im Jahr 2013 vinifiziert. Mit seiner tiefen rubinroten Farbe und seinem intensiven Bouquet von dunklen Früchten, Gewürzen und Schokolade verführt er die Nase. Am Gaumen zeigt er eine außergewöhnliche Dichte und Komplexität, die von reifen Tanninen und einem Hauch von Vanille und Kaffee begleitet wird. Dieser Wein ist ein idealer Begleiter zu kräftigen Fleischgerichten oder gereiftem Käse.",https://res.cloudinary.com/saas-ag/raw/upload/schemata2/n11showcase/custom_product_attributes_n11_v3.json,Corvina / Rondinella/ Molinara,Italien,Venetien,Bertani,2013,4cd4e1ca-e90d-47d1-9a79-8ead318c5148.png,f65850d6-8254-4bfc-8852-f83d62644111.png,4b6ff9c8-cb00-43c7-b464-86c29db8f9f3.png,5fc1faa9-900a-4dcb-8282-04eb767c7ae9.png,Amarone della Valpolicella Riserva,"Amarone della Valpolicella Riserva is an Italian red wine from the Veneto region, made from the Corvina, Rondinella and Molinara grape varieties. This high-quality wine comes from the renowned Bertani winery and was vinified in 2013. With its deep ruby red color and intense bouquet of dark fruits, spices and chocolate, it seduces the nose. On the palate, it shows exceptional density and complexity, accompanied by ripe tannins and a hint of vanilla and coffee. This wine is an ideal accompaniment to strong meat dishes or mature cheese.",Corvina / Rondinella / Molinara,Italy,Veneto,Bertani
9510dbbb-5697-40f4-8e13-e96d,BASIC,STANDARD_19,Riesling Spätlese,7125-6993,18,"Der Riesling Spätlese von Toni Jost ist ein deutscher Weißwein aus dem Mittelrhein-Gebiet, der im Jahr 2020 vinifiziert wurde. Der Wein hat eine hellgoldene Farbe und ein intensives Bouquet von Pfirsich, Apfel und Zitrusfrüchten. Am Gaumen zeigt er eine lebhafte Säure und eine leichte Restsüße, die perfekt miteinander harmonieren. Dieser elegante Riesling hat eine lange und frische Abgang, der mit seiner Mineralität beeindruckt. Dieser Wein passt gut zu asiatischen Gerichten, scharfem Essen oder frischen Salaten.",https://res.cloudinary.com/saas-ag/raw/upload/schemata2/n11showcase/custom_product_attributes_n11_v3.json,Riesling,Deutschland,Mittelrhein,Toni Jost,2020,f3966b89-017a-4519-9338-4cbcbca2d45b.png,e0a6f890-d0f4-4a1f-a285-7b9983f8cdec.png,d5dab8c4-684b-49ad-90d2-7acd931b4523.png,6f7a7417-0f65-4fe5-9825-5117223f6fc4.png,Riesling late harvest,"The Riesling Spätlese from Toni Jost is a German white wine from the Middle Rhine region that was vinified in 2020. The wine has a light golden color and an intense bouquet of peach, apple and citrus fruits. On the palate, it has a lively acidity and a slight residual sweetness that harmonize perfectly with each other. This elegant Riesling has a long and fresh finish that impresses with its minerality. This wine goes well with Asian dishes, spicy food or fresh salads.",Riesling,Germany,Middle Rhine,Toni Jost
86ddfb3d-0dcb-4f93-8b87-cf1a,BASIC,STANDARD_19,Bordeaux Supérieur,8394-2922,20,"Bordeaux Supérieur ist ein französischer Rotwein aus dem Bordeaux-Gebiet, der aus den Rebsorten Cabernet Sauvignon und Merlot hergestellt wird. Dieser Wein stammt vom Château Haut-Sarpe und wurde im Jahr 2018 vinifiziert. Mit seiner tiefen rubinroten Farbe und seinem Bouquet von roten Früchten, Vanille und Gewürzen verführt er die Nase. Am Gaumen zeigt er eine gute Struktur und eine angenehme Tanninstruktur, die von einer feinen Säure begleitet wird. Dieser Wein passt gut zu gegrilltem Fleisch oder würzigem Käse.",https://res.cloudinary.com/saas-ag/raw/upload/schemata2/n11showcase/custom_product_attributes_n11_v3.json,Cabernet Sauvignon / Merlot,Frankreich,Bordeaux,Château Haut-Sarpe,2018,85990be5-2803-4eaa-bb5c-7548bb7b6395.png,ffda4e72-b5c4-416e-bfa9-331a1ad4420b.png,e4b7ed5b-a8f6-4dbb-b612-0882d44b51dd.png,b0b067b3-060b-489f-93da-a5678f6d4dbf.png,Bordeaux Supérieur,"Bordeaux Supérieur is a French red wine from the Bordeaux region, made from the Cabernet Sauvignon and Merlot grape varieties. This wine comes from Château Haut-Sarpe and was vinified in 2018. With its deep ruby red color and its bouquet of red fruits, vanilla and spices, it seduces the nose. On the palate, it has a good structure and a pleasant tannin structure accompanied by a fine acidity. This wine goes well with grilled meat or spicy cheese.",Cabernet Sauvignon / Merlot,France,Bordeaux,Château Haut-Sarpe
7ee117c6-9d1d-4d1e-babe-e0dc,BASIC,STANDARD_19,Pinot Noir Rosé,2792-4624,9,Dieser Roséwein aus Frankreichs Loire-Tal wird aus der Pinot Noir Traube hergestellt. Der Domaine de la Pépière 2020 hat eine leuchtende rosa Farbe und ein delikates Aroma von roten Früchten wie Erdbeeren und Himbeeren. Am Gaumen ist er frisch und fruchtig mit einem leichten Körper und einem angenehmen Abgang. Er eignet sich ideal als Aperitif oder Begleiter zu leichten Gerichten wie Salaten und Meeresfrüchten. Der Preis beträgt 15 Euro.,https://res.cloudinary.com/saas-ag/raw/upload/schemata2/n11showcase/custom_product_attributes_n11_v3.json,Pinot Noir,Frankreich,Loire,Domaine de la Pépière,2020,c84340e1-6134-449b-a9ce-371ca1d9b204.png,118264ab-f14e-4c9b-8d0c-9e33cac70885.png,653f3e52-8b99-4632-a221-6314fe86bf81.png,4858b48a-daa0-4ede-a310-9241f3b4fbcf.png,Pinot Noir Rosé,This rosé wine from France's Loire Valley is made from the Pinot Noir grape. The Domaine de la Pépière 2020 has a bright pink color and a delicate aroma of red fruits such as strawberries and raspberries. It is fresh and fruity on the palate with a light body and a pleasant finish. It is ideal as an aperitif or as an accompaniment to light dishes such as salads and seafood. The price is 15 euros.,Pinot Noir,France,Loire,Domaine de la Pépière
84e026a3-b0a9-4df1-b246-65d4,BASIC,STANDARD_19,Barbaresco,3955-7375,1,"Dieser Rotwein aus dem italienischen Piemont wird aus der Nebbiolo Traube hergestellt und stammt aus dem renommierten Weingut Gaja. Der Jahrgang 2017 zeigt eine tiefe rubinrote Farbe und ein komplexes Aroma von roten Früchten, Gewürzen und einer leichten Note von Eichenholz. Am Gaumen ist er vollmundig und elegant mit einer ausgewogenen Säure und Tanninen. Dieser Wein passt ideal zu gereiftem Käse, rotem Fleisch und Wildgerichten. Der Preis beträgt 110 Euro.",https://res.cloudinary.com/saas-ag/raw/upload/schemata2/n11showcase/custom_product_attributes_n11_v3.json,Nebbiolo,Italien,Piemont,Gaja,2017,834ad83a-a9b3-48d1-990a-7a0b2a92a5ee.png,db588b63-f9c7-4558-b79d-0b5bbd2212b2.png,b0a4413b-f061-413d-9961-b2258c425689.png,58f72a7d-a8cc-43bf-91a2-8f0c06901c47.png,Barbaresco,"This red wine from the Italian region of Piedmont is made from the Nebbiolo grape and comes from the renowned Gaja winery. The 2017 vintage has a deep ruby red color and a complex aroma of red fruits, spices and a slight hint of oak. On the palate, it is full-bodied and elegant with balanced acidity and tannins. This wine is ideal with mature cheese, red meat and game dishes. The price is 110 euros.",Nebbiolo,Italy,Piedmont,Gaja
0197fa36-b965-4fb7-9ec9-0f42,BASIC,STANDARD_19,Soave Klassisch,5995-6680,17,"Dieser Weißwein aus Italiens Soave Gebiet wird aus der Garganega Traube hergestellt und stammt vom Weingut Pieropan. Der Jahrgang 2020 zeigt eine helle strohgelbe Farbe und ein fruchtiges Aroma von Zitrusfrüchten und Pfirsichen. Am Gaumen ist er frisch und harmonisch mit einer leichten mineralischen Note und einem langen Abgang. Er eignet sich ideal als Aperitif oder Begleiter zu leichten Gerichten wie Fisch, Meeresfrüchten und Gemüse. Der Preis beträgt 20 Euro.",https://res.cloudinary.com/saas-ag/raw/upload/schemata2/n11showcase/custom_product_attributes_n11_v3.json,Garganega,Italien,Soave,Pieropan,2020,dd1e34e4-ecd7-4bef-8c75-b8d22624b82c.png,aaa215ab-8e1c-4989-820f-2ab3e2857356.png,fb1b5c17-1498-4de7-87f6-6d7de10305c6.png,7b6de5b4-cc4f-4ed2-892c-d9fe06e265d8.png,Soave Classic,"This white wine from Italy's Soave region is made from the Garganega grape and comes from the Pieropan winery. The 2020 vintage has a light straw-yellow color and a fruity aroma of citrus fruits and peaches. It is fresh and harmonious on the palate with a light mineral note and a long finish. It is ideal as an aperitif or as an accompaniment to light dishes such as fish, seafood and vegetables. The price is 20 euros.",Garganega,Italy,Soave,Pieropan
83dbf80d-8d92-40dc-b7d2-9ebe,BASIC,STANDARD_19,Chardonnay,4650-1216,7,"Dieser Weißwein stammt aus dem sonnigen Kalifornien und wird von Kistler Vineyards hergestellt. Der Chardonnay-Jahrgang von 2018 hat eine goldene Farbe und ist bekannt für seinen reichen Geschmack von Äpfeln, Zitrusfrüchten und Vanille, der von der Eichenfasslagerung herrührt. Er hat eine harmonische Säure und einen langen Abgang. Genießen Sie diesen Chardonnay zu Gerichten mit Fisch, hellem Fleisch oder Salaten. Der Preis für eine Flasche beträgt 75 Euro.",https://res.cloudinary.com/saas-ag/raw/upload/schemata2/n11showcase/custom_product_attributes_n11_v3.json,Chardonnay,USA,Kalifornien,Kistler Weingärten,2018,59e99670-34f1-4f5d-a07a-0f58d408e3a0.png,e1857def-6d11-40ed-bf7d-d59793b827bc.png,80f5af4c-374b-43dc-a203-7d8df10eefc7.png,5de3bd3c-1e60-4eb6-8bb6-7ac0d87150a4.png,Chardonnay,"This white wine comes from sunny California and is produced by Kistler Vineyards. The 2018 Chardonnay vintage has a golden color and is known for its rich flavor of apples, citrus and vanilla, which comes from oak barrel aging. It has a harmonious acidity and a long finish. Enjoy this Chardonnay with fish dishes, white meat or salads. The price for a bottle is 75 euros.",Chardonnay,USA,California,Kistler Vineyards
6fb9b85c-b19d-4ce3-a482-6b57,BASIC,STANDARD_19,Côte-Rôtie,4555-1007,19,"Ein Rotwein aus der berühmten Weinregion Côte-Rôtie im Rhône-Tal in Frankreich. Der Jahrgang 2016 stammt von Domaine Jamet und besteht aus der Rebsorte Syrah. Die Farbe des Weins ist tiefrot und das Bouquet besteht aus würzigen Aromen von Pfeffer, schwarzen Johannisbeeren und Oliven. Der Geschmack ist vollmundig und gut strukturiert, mit eleganten Tanninen und einem langen Abgang. Dieser Rotwein passt perfekt zu Gerichten mit rotem Fleisch oder Wild. Der Preis für eine Flasche beträgt 80 Euro.",https://res.cloudinary.com/saas-ag/raw/upload/schemata2/n11showcase/custom_product_attributes_n11_v3.json,Syrah,Frankreich,Rhone,Domaine Jamet,2016,13fbde5c-4694-490b-9576-6ba2965a656a.png,4858809a-7e76-4bf2-8e92-b20dfcb8703e.png,9a1dd2d2-86f9-4cc1-a425-0be50d9665b6.png,d8641f32-0e28-46a2-a30a-9c1725565081.png,Côte-Rôtie,"A red wine from the famous Côte-Rôtie wine region in the Rhône Valley in France. The 2016 vintage comes from Domaine Jamet and is made from the Syrah grape variety. The color of the wine is deep red and the bouquet consists of spicy aromas of pepper, blackcurrants and olives. The taste is full-bodied and well-structured, with elegant tannins and a long finish. This red wine goes perfectly with red meat dishes or game. The price for a bottle is 80 euros.",Syrah,France,Rhône,Domaine Jamet
95cfa679-968c-43ee-8a53-763d,BASIC,STANDARD_19,Chenin Weiß,2203-6460,20,"Ein Weißwein aus Südafrika, der von Sadie Family Wines hergestellt wird. Der Jahrgang 2020 besteht aus 100% Chenin Blanc-Trauben und stammt aus der Weinregion Swartland. Der Wein hat eine helle goldene Farbe und ein Aroma von reifen Äpfeln, Honig und Blüten. Der Geschmack ist frisch und fruchtig mit einer lebendigen Säure und einem angenehmen Abgang. Dieser Wein passt hervorragend zu würzigen Gerichten, aber auch zu leichteren Gerichten wie Fisch oder Salaten. Der Preis für eine Flasche beträgt 30 Euro.",https://res.cloudinary.com/saas-ag/raw/upload/schemata2/n11showcase/custom_product_attributes_n11_v3.json,Chenin Weiß,Südafrika,Swartland,Sadie Familienweine,2020,95816534-13ff-47b0-9213-bfc4bae4fd95.png,ae61de0f-d06e-4a9d-9eaa-32d5048e864c.png,b68116a8-af1e-4ce2-876e-2773bc3eadf0.png,bbcfa5e6-5078-4ba0-b93e-60ff04037f05.png,Chenin White,"A white wine from South Africa produced by Sadie Family Wines. The 2020 vintage is made from 100% Chenin Blanc grapes and comes from the Swartland wine region. The wine has a light golden color and an aroma of ripe apples, honey and flowers. The taste is fresh and fruity with a lively acidity and a pleasant finish. This wine goes perfectly with spicy dishes, but also with lighter dishes such as fish or salads. The price for a bottle is 30 euros.",Chenin Blanc,South Africa,Swartland,Sadie Family Wines
00dd86a1-c4f2-4e17-a47a-64b7,BASIC,STANDARD_19,Châteauneuf-du-Pape,8253-4720,16,"Châteauneuf-du-Pape ist ein berühmter Rotwein aus dem Rhône-Tal in Frankreich, der aus einer Mischung von Grenache, Syrah und Mourvèdre Trauben hergestellt wird. Der 2017er Jahrgang von Domaine de la Janasse ist ein exzellentes Beispiel für diese Art von Wein und bietet eine reiche, fruchtige Aromatik mit Noten von Kirschen, Pflaumen und Beeren, die von würzigen Nuancen von Pfeffer und Zimt abgerundet werden. Am Gaumen zeigt sich eine dichte Struktur, die von geschmeidigen Tanninen und einer angenehmen Säure getragen wird. Dieser Wein ist ein ausgezeichneter Begleiter zu Fleischgerichten, Wild oder kräftigem Käse.",https://res.cloudinary.com/saas-ag/raw/upload/schemata2/n11showcase/custom_product_attributes_n11_v3.json,Granatapfel / Syrah / Mourvèdre,Frankreich,Rhone,Domaine de la Janasse,2017,e6940e7c-cad3-484d-af0d-11b882f818b9.png,1fdcd4da-c3a5-491e-9a40-c3adef23fcfa.png,70d6c6a6-d5e7-446e-9795-714d0a5cfad9.png,b596dede-d0f8-4f76-9da0-b90471e401c6.png,Châteauneuf-du-Pape,"Châteauneuf-du-Pape is a famous red wine from the Rhône Valley in France, made from a blend of Grenache, Syrah and Mourvèdre grapes. The 2017 vintage from Domaine de la Janasse is an excellent example of this type of wine and offers a rich, fruity aroma with notes of cherries, plums and berries, rounded off by spicy nuances of pepper and cinnamon. The palate reveals a dense structure supported by supple tannins and a pleasant acidity. This wine is an excellent accompaniment to meat dishes, game or strong cheeses.",Grenache / Syrah / Mourvèdre,France,Rhône,Domaine de la Janasse
93363d0f-731c-4557-9b63-9b65,BASIC,STANDARD_19,Gewürztraminer Vendanges Tardives,5531-1083,16,"Der Gewürztraminer Vendanges Tardives ist ein außergewöhnlicher Weißwein aus dem Elsass in Frankreich, der aus der Gewürztraminer Traube hergestellt wird. Der 2016er Jahrgang von Domaine Zind-Humbrecht ist ein Spitzenbeispiel für diese Art von Wein und zeigt eine ausgeprägte Aromatik von reifen Pfirsichen, Litschis, Rosen und Gewürzen. Am Gaumen ist der Wein süß und cremig mit einer lebendigen Säure, die das Geschmacksprofil ausbalanciert. Der Abgang ist lang und nachhaltig. Dieser Wein ist ein exzellenter Begleiter zu würzigen Gerichten, asiatischer Küche oder Desserts.",https://res.cloudinary.com/saas-ag/raw/upload/schemata2/n11showcase/custom_product_attributes_n11_v3.json,Gewürztraminer,Frankreich,Elsass,Domaine Zind-Humbrecht,2016,2496d538-01c0-4c90-a897-0ea8445b5236.png,7ad1fc57-69a3-4f0e-9a50-c350e2be1be7.png,962cc14d-63d6-4dbd-9ee5-21fb01b55aa3.png,709f8c0f-b77a-4e58-a906-3c667ecbd11d.png,Spice Traminer Vendanges Tardives,"Spice Traminer Vendanges Tardives is an exceptional white wine from Alsace in France, made from the Gewürztraminer grape. The 2016 vintage from Domaine Zind-Humbrecht is a top example of this type of wine and displays distinct aromatics of ripe peaches, lychees, roses and spices. On the palate, the wine is sweet and creamy with a lively acidity that balances the flavor profile. The finish is long and persistent. This wine is an excellent accompaniment to spicy dishes, Asian cuisine or desserts.",Spice Traminer,France,Alsace,Domaine Zind-Humbrecht
a26f166c-8d02-47ba-9f90-f0a1,BASIC,STANDARD_19,Barolo,6588-3405,13,"Barolo ist einer der bekanntesten Rotweine aus Italien und wird aus der Nebbiolo-Traube hergestellt. Der 2016er Jahrgang von Conterno Fantino ist ein hervorragendes Beispiel für diese Art von Wein und zeigt eine komplexe Aromatik von roten Früchten, Gewürzen, Leder und Tabak. Am Gaumen ist der Wein kraftvoll und intensiv mit reifen Tanninen und einer lebendigen Säure, die das Geschmacksprofil ausbalanciert. Der Abgang ist lang und anhaltend. Dieser Wein ist ein hervorragender Begleiter zu Gerichten mit rotem Fleisch, Wild oder kräftigem Käse.",https://res.cloudinary.com/saas-ag/raw/upload/schemata2/n11showcase/custom_product_attributes_n11_v3.json,Nebbiolo,Italien,Piemont,Conterno Fantino,2016,b0681967-0bca-4fc4-a71f-08393a562cac.png,946137ef-4f18-4385-b82b-4d42172e178a.png,af7c3616-465a-4ada-abe0-b38fcbc3b9d9.png,a0ba5c19-c6e0-4ff9-981f-766b57656c0a.png,Barolo,"Barolo is one of the most famous red wines from Italy and is made from the Nebbiolo grape. The 2016 vintage of Conterno Fantino is an excellent example of this type of wine and displays a complex aroma of red fruits, spices, leather and tobacco. On the palate, the wine is powerful and intense with ripe tannins and a lively acidity that balances the flavor profile. The finish is long and persistent. This wine is an excellent accompaniment to dishes with red meat, game or strong cheeses.",Nebbiolo,Italy,Piedmont,Conterno Fantino
f5de5e85-d531-4882-a3c3-d7db,BASIC,STANDARD_19,Sauvignon Weiß,2580-3143,6,"Dieser trockene Weißwein aus Neuseeland begeistert mit einer lebhaften Säure und intensiven Aromen von Stachelbeere, Passionsfrucht und frisch gemähtem Gras. Der Sauvignon Blanc von Cloudy Bay stammt aus der Region Marlborough und wurde im Jahr 2020 geerntet. Er eignet sich hervorragend als Aperitif oder als Begleiter zu leichten Gerichten wie Salaten, Meeresfrüchten und Geflügel.",https://res.cloudinary.com/saas-ag/raw/upload/schemata2/n11showcase/custom_product_attributes_n11_v3.json,Sauvignon Weiß,Neuseeland,Marlborough,Bewölkte Bucht,2020,28e93d37-d538-4c5f-804f-aad8067f7163.png,8310905d-d49a-45be-8372-02d290cc27e0.png,d1353842-bea5-41df-883d-01defd42a9e9.png,9ee7baf9-b12d-448f-b5d4-1f9121b294b5.png,Sauvignon White,"This dry white wine from New Zealand impresses with its lively acidity and intense aromas of gooseberry, passion fruit and freshly mown grass. The Sauvignon Blanc from Cloudy Bay comes from the Marlborough region and was harvested in 2020. It is ideal as an aperitif or as an accompaniment to light dishes such as salads, seafood and poultry.",Sauvignon Blanc,New Zealand,Marlborough,Cloudy Bay
95c55691-2b0c-42dc-9378-23cb,BASIC,STANDARD_19,Barossa Shiraz,4474-3085,15,"Dieser vollmundige Rotwein stammt aus dem Barossa Valley in Australien und besteht zu 100% aus der Shiraz-Traube. Im Glas zeigt er eine dunkle, purpurne Farbe und verströmt intensive Aromen von dunklen Beeren, Gewürzen und Schokolade. Am Gaumen ist er kräftig und dicht, mit reifen Tanninen und einem langen, würzigen Abgang. Der Barossa Shiraz von Penfolds wurde im Jahr 2018 geerntet und passt hervorragend zu kräftigen Fleischgerichten und würzigen Käsesorten.",https://res.cloudinary.com/saas-ag/raw/upload/schemata2/n11showcase/custom_product_attributes_n11_v3.json,Shiraz,Australien,Barossa Tal,Penfolds,2018,c7cd8fc9-c62d-4674-b5e9-00e29c0646a7.png,c7fc9035-2aa5-4928-a717-06c8255de9b9.png,7f3e0e42-4fb6-4819-bccb-40710553a80b.png,a5ab83d9-8779-4b38-9f6f-251bda47fbf9.png,Barossa Shiraz,"This full-bodied red wine comes from the Barossa Valley in Australia and is made from 100% Shiraz grapes. It has a dark, purple color in the glass and exudes intense aromas of dark berries, spices and chocolate. It is powerful and dense on the palate, with ripe tannins and a long, spicy finish. The Barossa Shiraz from Penfolds was harvested in 2018 and is an excellent accompaniment to hearty meat dishes and spicy cheeses.",Shiraz,Australia,Barossa Valley,Penfolds
7b6d4c6d-4b4c-4fc8-8fc1-c6fc,BASIC,STANDARD_19,Chassagne-Montrachet,3454-9138,11,"Der Chassagne-Montrachet ist ein eleganter Weißwein aus dem Burgund, hergestellt aus der Chardonnay-Traube. Dieser Wein zeichnet sich durch seine frischen Zitrus- und Pfirsichnoten aus, die von einem Hauch von Vanille und Eiche begleitet werden. Am Gaumen ist er vollmundig und ausgewogen mit einer angenehmen Säure. Die Domaine Ramonet ist bekannt für ihre hochwertigen Burgunder-Weine und der Jahrgang 2019 ist ein weiteres Beispiel für ihre Expertise. Dieser Chassagne-Montrachet eignet sich hervorragend als Begleitung zu Meeresfrüchten und Geflügelgerichten.",https://res.cloudinary.com/saas-ag/raw/upload/schemata2/n11showcase/custom_product_attributes_n11_v3.json,Chardonnay,Frankreich,Burgund,Domaine Ramonet,2019,f1e401cc-7fa9-4b21-8343-de51189ae5a9.png,d665cf79-acd0-4f6f-a064-51ccd7b0ea5a.png,b79cc045-d8b3-4914-b902-e6a30f1e2dd2.png,33214edc-1235-4a3a-8c66-a651757d9ddc.png,Chassagne-Montrachet,"Chassagne-Montrachet is an elegant white wine from Burgundy, made from the Chardonnay grape. This wine is characterized by its fresh citrus and peach notes, which are accompanied by a hint of vanilla and oak. On the palate, it is full-bodied and balanced with a pleasant acidity. Domaine Ramonet is known for its high-quality Burgundy wines and the 2019 vintage is another example of its expertise. This Chassagne-Montrachet is an excellent accompaniment to seafood and poultry dishes.",Chardonnay,France,Burgundy,Domaine Ramonet
2d3fb7b6-7601-4aee-9c0f-24e7,BASIC,STANDARD_19,Tignanello,2380-8836,9,"Der Tignanello ist ein Rotwein aus der Toskana, hergestellt aus einer Mischung aus Sangiovese, Cabernet Sauvignon und Cabernet Franc. Dieser Wein zeichnet sich durch seine komplexe Nase aus, die Aromen von roten Früchten, Gewürzen und Tabak enthält. Am Gaumen ist er kraftvoll und ausgewogen mit reifen Tanninen und einem langen Abgang. Der Tignanello ist ein Klassiker unter den italienischen Weinen und der Jahrgang 2017 von Marchesi Antinori ist besonders gelungen. Dieser Rotwein passt hervorragend zu gereiftem Käse, gegrilltem Fleisch und Wildgerichten.",https://res.cloudinary.com/saas-ag/raw/upload/schemata2/n11showcase/custom_product_attributes_n11_v3.json,Sangiovese / Cabernet Sauvignon / Cabernet Frankreich,Italien,Toskana,Antinori,2017,d96cbb07-febf-4393-ba1f-ef6a72e45b11.png,ae41ea91-37b0-41f0-a0e3-27b8ce77e335.png,370a73c3-850d-46b3-8656-e8fbca358e36.png,296fe6f9-c89b-475d-b3a2-44cd980a5719.png,Tignanello,"Tignanello is a red wine from Tuscany, made from a blend of Sangiovese, Cabernet Sauvignon and Cabernet Franc. This wine is characterized by its complex nose, which contains aromas of red fruits, spices and tobacco. On the palate, it is powerful and balanced with ripe tannins and a long finish. Tignanello is a classic among Italian wines and the 2017 vintage from Marchesi Antinori is particularly successful. This red wine is an excellent accompaniment to mature cheese, grilled meat and game dishes.",Sangiovese / Cabernet Sauvignon / Cabernet France,Italy,Tuscany,Antinori
4c26b48d-03e6-481f-9cde-9a8d,BASIC,STANDARD_19,Château d'Esclans Whispering Angel,5204-7167,18,"Dieser Roséwein aus der Provence in Frankreich wird aus einer Mischung aus Grenache, Cinsault, Vermentino und Syrah hergestellt. Der Château d'Esclans Whispering Angel Jahrgang 2021 hat eine zarte rosa Farbe und ein aromatisches Bouquet von roten Früchten, Blüten und einem Hauch von Gewürzen. Am Gaumen ist er frisch und fruchtig mit einer angenehmen Säure und einem mineralischen Abgang. Er passt perfekt zu leichten Sommergerichten und ist auch als Aperitif geeignet. Der Preis beträgt 30 Euro.",https://res.cloudinary.com/saas-ag/raw/upload/schemata2/n11showcase/custom_product_attributes_n11_v3.json,Granatapfel / Cinsault / Vermentino / Syrah,Frankreich,Provence,Château d'Esclans,2021,9decbaa1-466f-41f8-a3c5-bdd9a182f98d.png,94e6fcc7-7c73-4a67-a38e-2ecf82108b37.png,413931b7-6d6d-4388-a117-c366ac1fe0e4.png,df30d18a-b6f7-44fe-a3e5-bd5ec1205da4.png,Château d'Esclans Whispering Angel,"This rosé wine from Provence in France is made from a blend of Grenache, Cinsault, Vermentino and Syrah. The Château d'Esclans Whispering Angel 2021 vintage has a delicate pink color and an aromatic bouquet of red fruits, flowers and a hint of spices. On the palate, it is fresh and fruity with a pleasant acidity and a mineral finish. It goes perfectly with light summer dishes and is also suitable as an aperitif. The price is 30 euros.",Grenache / Cinsault / Vermentino / Syrah,France,Provence,Château d'Esclans
5c0254c8-609e-4d20-bb6c-2c9d,BASIC,STANDARD_19,Rosé aus der Toskana,7709-2698,19,"Dieser italienische Roséwein stammt aus der Toskana und wird aus der Sangiovese Traube hergestellt. Der Castello di Ama Jahrgang 2020 hat eine leuchtende rosa Farbe und ein intensives Aroma von roten Beeren und Blüten. Am Gaumen ist er trocken und frisch mit einem Hauch von Mineralität und einer ausgewogenen Säure. Er eignet sich ideal als Begleiter zu leichten Gerichten wie Salaten, Fisch und weißem Fleisch. Der Preis beträgt 25 Euro.",https://res.cloudinary.com/saas-ag/raw/upload/schemata2/n11showcase/custom_product_attributes_n11_v3.json,Sangiovese,Italien,Toskana,Castello di Ama,2020,198b45d3-5966-495e-a585-b8c4a57e220b.png,fc35bc1e-e4e4-4194-a6a6-89d35d46ae6a.png,bcab0a3e-3014-428e-a16c-f18b82c7cca5.png,8066f459-9c0c-4086-9fb6-26d3ac0d0fdd.png,Rosé of Tuscany,"This Italian rosé wine comes from Tuscany and is made from the Sangiovese grape. The Castello di Ama 2020 vintage has a bright pink color and an intense aroma of red berries and flowers. It is dry and fresh on the palate with a hint of minerality and balanced acidity. It is ideal as an accompaniment to light dishes such as salads, fish and white meat. The price is 25 euros.",Sangiovese,Italy,Tuscany,Castello di Ama
805e2e33-8f1d-4d99-9a27-9f45,BASIC,STANDARD_19,Château de Miraval Rosé,7775-1999,19,"Dieser Roséwein aus der Provence in Frankreich wird aus den Rebsorten Cinsault, Grenache, Syrah und Rolle hergestellt und stammt vom Château de Miraval. Der Jahrgang 2019 hat eine leuchtende rosa Farbe und ein elegantes Aroma von roten Früchten wie Erdbeeren und Himbeeren, begleitet von einer dezenten floralen Note. Am Gaumen ist er frisch und fruchtig mit einer ausgeprägten Mineralität und einem langen Abgang. Dieser Wein passt perfekt zu sommerlichen Gerichten wie Salaten, Fisch und leichten Fleischgerichten. Der Preis beträgt 30 Euro.",https://res.cloudinary.com/saas-ag/raw/upload/schemata2/n11showcase/custom_product_attributes_n11_v3.json,Cinsault / Granatapfel / Syrah / Rolle,Frankreich,Provence,Château de Miraval,2019,1d6edcee-512e-49c0-8935-daca4e90a8d4.png,efd395a0-28a7-446f-b527-afd6ad035474.png,f2ae99ae-5ce1-438d-9809-d3dba7456948.png,ac6aa106-f46a-4a5c-9101-7f8689882557.png,Château de Miraval Rosé,"This rosé wine from Provence in France is made from the Cinsault, Grenache, Syrah and Rolle grape varieties and comes from Château de Miraval. The 2019 vintage has a bright pink color and an elegant aroma of red fruits such as strawberries and raspberries, accompanied by a subtle floral note. On the palate, it is fresh and fruity with a pronounced minerality and a long finish. This wine goes perfectly with summer dishes such as salads, fish and light meat dishes. The price is 30 euros.",Cinsault / Grenache / Syrah / Rolle,France,Provence,Château de Miraval
